ESPN,203
The Tonight Show Starring Jimmy Fallon,197
Netflix,193
TheEllenShow,193
Vox,193
The Late Show with Stephen Colbert,187
Jimmy Kimmel Live,186
Late Night with Seth Meyers,183
Screen Junkies,182
NBA,181
CNN,180
Saturday Night Live,175
WIRED,171
BuzzFeedVideo,169
INSIDER,167
The Late Late Show with James Corden,163
TED-Ed,162
Tom Scott,159
WWE,157
CollegeHumor,156
HellthyJunkFood,153
First We Feast,153
Tasty,151
Bon Appétit,151
Warner Bros. Pictures,150
FBE,149
jacksfilms,148
Life Noggin,148
The King of Random,148
Good Mythical Morning,147
Vanity Fair,145
Vogue,140
Safiya Nygaard,139
20th Century Fox,135
SciShow,135
Smosh,133
Dude Perfect,131
Marques Brownlee,130
Great Big Story,128
Marvel Entertainment,125
AsapSCIENCE,124
ABC News,123
NFL,123
The Slow Mo Guys,122
The Voice,121
James Charles,118
CrazyRussianHacker,115
Washington Post,115
Simon's Cat,115
Kurzgesagt – In a Nutshell,115
Binging with Babish,112
NikkieTutorials,109
Complex,109
E! Entertainment,108
You Suck At Cooking,107
Star Wars,106
Universal Pictures,106
Team Coco,106
Brave Wilderness,106
IISuperwomanII,105
Inside Edition,104
NBC News,104
REACT,103
Hannah Stocking,102
The Graham Norton Show,102
Tati,102
TODAY,102
The Film Theorists,102
CinemaSins,101
